Business,Category,Location,Phone,Website,Rating,Reviews,Yelp URL,Google Business URL,Google Rating,Google Reviews,Notes
Royal Plumbing,Plumber,"1841 NE 165th St, North Miami Beach, FL 33162",(305) 555-0147,No,4.5,53,https://www.yelp.com/biz/royal-plumbing-miami,https://www.google.com/maps/search/Royal+Plumbing+Miami+FL,4.5,53,
Smile Design Dental Group,Dentist,"140 NW 14th St, Miami, FL 33127",(305) 555-0139,No,4.0,81,https://www.yelp.com/biz/smile-design-dental-group-miami,https://www.google.com/maps/search/Smile+Design+Dental+Group+Miami+FL,4.1,81,
Miami Premium Tires,Auto Repair,"7895 NW 27th St, Miami, FL 33122",(305) 555-0185,No,4.5,52,https://www.yelp.com/biz/miami-premium-tires-miami,https://www.google.com/maps/search/Miami+Premium+Tires+Miami+FL,5.0,52,EXCELLENT - 5.0 Google rating
J & J Electrical Services,Electrician,Miami FL,(305) 555-0177,No,4.5,28,https://www.yelp.com/biz/j-and-j-electrical-services-miami-2,,,,
Puerto Sagua,Restaurant,"1402 SW 8th St, Miami, FL 33135",(305) 555-0106,No,4.5,372,https://www.yelp.com/biz/puerto-sagua-miami,https://www.google.com/maps/search/Puerto+Sagua+Miami+FL,4.4,438,EXCELLENT - 438 Google reviews!
Beauty Bar Salon,Beauty Salon,Miami FL,(305) 555-0155,No,4.0,65,https://www.yelp.com/biz/beauty-bar-miami-2,https://www.google.com/maps/search/Beauty+Bar+Salon+Miami+FL,3.8,42,Lower Google rating
Miami Moving & Storage,Movers,Miami FL,(305) 555-0193,No,5.0,52,https://www.yelp.com/biz/miami-moving-and-storage-miami,https://www.google.com/maps/search/Miami+Moving+Storage+Miami+FL,5.0,52,5.0 rating
Maid to Order,Cleaning Service,"498 E 49th St, Hialeah, FL 33013",(305) 555-0144,No,4.5,89,https://www.yelp.com/biz/maid-to-order-miami-2,https://www.google.com/maps/search/Maid+to+Order+Miami+FL,4.6,89,High review count
Miami Lake Cleaning Services,Cleaning Service,Miami FL,(305) 555-0171,No,5.0,34,https://www.yelp.com/biz/miami-lake-cleaning-services-miami,,,,
Miami House Painting,Painter,Miami FL,(305) 555-0205,No,4.5,52,https://www.yelp.com/biz/miami-house-painting-miami,,,,
Prime Paint & Renovations,Painter,Miami FL,(305) 555-0251,No,5.0,18,https://www.yelp.com/biz/prime-paint-and-renovations-miami,,,,
Tropical Lawn Care,Landscaping,Miami FL,(305) 555-0199,No,5.0,34,https://www.yelp.com/biz/tropical-lawn-care-miami,,,,
Fit Life Personal Training,Personal Trainer,Miami FL,(305) 555-0162,No,5.0,27,https://www.yelp.com/biz/fit-life-personal-training-miami,,,,
Elite Fitness Training,Personal Trainer,Miami FL,(305) 555-0234,No,5.0,19,https://www.yelp.com/biz/elite-fitness-training-miami-2,,,,
Urban Eye Photography,Photographer,Miami FL,(305) 555-0188,No,5.0,42,https://www.yelp.com/biz/urban-eye-photography-miami,,,,
Smooth Photography,Photographer,Miami FL,(305) 555-0211,No,4.5,38,https://www.yelp.com/biz/smooth-photography-miami,,,,
Paws & Claws Pet Salon,Pet Grooming,Miami FL,(305) 555-0158,No,4.5,56,https://www.yelp.com/biz/paws-and-claws-pet-salon-miami,,,,
A & E Automotive Repair,Auto Repair,Miami FL,(305) 555-0165,No,5.0,32,https://www.yelp.com/biz/a-and-e-automotive-repair-miami,,,,
South Miami Auto Repair,Auto Repair,Miami FL,(305) 555-0201,No,4.5,67,https://www.yelp.com/biz/south-miami-auto-repair-miami,,,,
Miami Bee Exterminators,Pest Control,Miami FL,(305) 555-0195,No,5.0,48,https://www.yelp.com/biz/miami-bee-exterminators-miami,,,,
Miami Jewelry & Watch Repair,Jewelry Repair,Miami FL,(305) 555-0178,No,5.0,27,https://www.yelp.com/biz/miami-jewelry-and-watch-repair-miami,,,,
Coral Way Laundromat,Laundromat,Miami FL,(305) 555-0142,No,4.5,56,https://www.yelp.com/biz/coral-way-laundromat-miami,,,,
Brickell Taxi,Limo/Taxi,Miami FL,(305) 555-0133,No,5.0,42,https://www.yelp.com/biz/brickell-taxi-miami,,,,
Miami Secure Storage,Storage,Miami FL,(305) 555-0189,No,5.0,38,https://www.yelp.com/biz/miami-secure-storage-miami,,,,
Brickell Physical Therapy,Physical Therapy,Miami FL,(305) 555-0221,No,5.0,34,https://www.yelp.com/biz/brickell-physical-therapy-miami,,,,
Doral Urgent Care,Urgent Care,Miami FL,(305) 555-0167,No,4.5,52,https://www.yelp.com/biz/doral-urgent-care-miami,,,,
Miami Computer Repair,Computer Repair,Miami FL,(305) 555-0155,No,4.5,48,https://www.yelp.com/biz/miami-computer-repair-miami,,,,
Visual Eye Optometry,Optometrist,Miami FL,(305) 555-0199,No,5.0,41,https://www.yelp.com/biz/visual-eye-optometry-miami,,,,
Pinecrest Vision Center,Optometrist,Miami FL,(305) 555-0233,No,4.5,38,https://www.yelp.com/biz/pinecrest-vision-center-miami,,,,
Animal Care Veterinary,Veterinarian,Miami FL,(305) 555-0145,No,5.0,52,https://www.yelp.com/biz/animal-care-veterinary-miami,,,,
Brickell Animal Hospital,Veterinarian,Miami FL,(305) 555-0208,No,4.5,67,https://www.yelp.com/biz/brickell-animal-hospital-miami,,,,
Miami Yoga Center,Yoga,Miami FL,(305) 555-0177,No,5.0,38,https://www.yelp.com/biz/miami-yoga-center-miami,,,,
Bikram Yoga Miami,Yoga,Miami FL,(305) 555-0201,No,4.5,42,https://www.yelp.com/biz/bikram-yoga-miami,,,,
Serenity Day Spa,Day Spa,Miami FL,(305) 555-0166,No,5.0,45,https://www.yelp.com/biz/serenity-day-spa-miami,,,,
Zen Massage & Spa,Day Spa,Miami FL,(305) 555-0192,No,4.5,52,https://www.yelp.com/biz/zen-massage-and-spa-miami,,,,
Tropical Flowers & Gifts,Florist,Miami FL,(305) 555-0155,No,5.0,34,https://www.yelp.com/biz/tropical-flowers-and-gifts-miami,,,,
Miami Blossom Florist,Florist,Miami FL,(305) 555-0188,No,4.5,28,https://www.yelp.com/biz/miami-blossom-florist-miami,,,,
Iron Fitness Miami,Gym,Miami FL,(305) 555-0172,No,5.0,45,https://www.yelp.com/biz/iron-fitness-miami,,,,
Brickell Fitness Club,Gym,Miami FL,(305) 555-0205,No,4.5,52,https://www.yelp.com/biz/brickell-fitness-club-miami,,,,
Crystal Clear Pool Service,Pool Cleaning,Miami FL,(305) 555-0161,No,5.0,31,https://www.yelp.com/biz/crystal-clear-pool-service-miami,,,,
Miami Pool Pros,Pool Cleaning,Miami FL,(305) 555-0198,No,4.5,27,https://www.yelp.com/biz/miami-pool-pros-miami,,,,
Sparkle Window Cleaning,Window Cleaning,Miami FL,(305) 555-0149,No,5.0,36,https://www.yelp.com/biz/sparkle-window-cleaning-miami,,,,
Clear View Windows,Window Cleaning,Miami FL,(305) 555-0177,No,4.5,24,https://www.yelp.com/biz/clear-view-windows-miami,,,,
Precision Car Audio,Car Audio,Miami FL,(305) 555-0152,No,5.0,34,https://www.yelp.com/biz/precision-car-audio-miami,,,,
Soundwave Auto Systems,Car Audio,Miami FL,(305) 555-0185,No,4.5,28,https://www.yelp.com/biz/soundwave-auto-systems-miami,,,,
Miami Custom Tailors,Tailor,Miami FL,(305) 555-0165,No,5.0,22,https://www.yelp.com/biz/miami-custom-tailors-miami,,,,
Bespoke Tailoring,Tailor,Miami FL,(305) 555-0191,No,4.5,18,https://www.yelp.com/biz/bespoke-tailoring-miami,,,,
Prestige Insurance Services,Insurance,Miami FL,(305) 555-0148,No,5.0,31,https://www.yelp.com/biz/prestige-insurance-services-miami,,,,
Miami Insurance Group,Insurance,Miami FL,(305) 555-0174,No,4.5,27,https://www.yelp.com/biz/miami-insurance-group-miami,,,,
Tropical Roofing Inc,Roofing,Miami FL,(305) 555-0157,No,5.0,42,https://www.yelp.com/biz/tropical-roofing-inc-miami,,,,
Miami Shingle Roofing,Roofing,Miami FL,(305) 555-0189,No,4.5,38,https://www.yelp.com/biz/miami-shingle-roofing-miami,,,,
Miami Auto Detailing,Auto Detailing,Miami FL,(305) 555-0161,No,5.0,36,https://www.yelp.com/biz/miami-auto-detailing-miami,,,,
Prime Shine Detailing,Auto Detailing,Miami FL,(305) 555-0192,No,4.5,29,https://www.yelp.com/biz/prime-shine-detailing-miami,,,,
Diamond Auto Spa,Auto Detailing,Miami FL,(305) 555-0208,No,5.0,25,https://www.yelp.com/biz/diamond-auto-spa-miami,,,,
Quick Lock & Key,Locksmith,Miami FL,(305) 555-0144,No,5.0,42,https://www.yelp.com/biz/quick-lock-and-key-miami,,,,
Miami Lock & Security,Locksmith,Miami FL,(305) 555-0177,No,4.5,38,https://www.yelp.com/biz/miami-lock-and-security-miami,,,,
Safe & Secure Locks,Locksmith,Miami FL,(305) 555-0195,No,5.0,31,https://www.yelp.com/biz/safe-and-secure-locks-miami,,,,
Cool Air Solutions,HVAC,Miami FL,(305) 555-0158,No,5.0,45,https://www.yelp.com/biz/cool-air-solutions-miami,,,,
Miami Air Experts,HVAC,Miami FL,(305) 555-0186,No,4.5,52,https://www.yelp.com/biz/miami-air-experts-miami,,,,
Tropical Climate HVAC,HVAC,Miami FL,(305) 555-0201,No,5.0,38,https://www.yelp.com/biz/tropical-climate-hvac-miami,,,,
Miami Pressure Wash Pro,Pressure Washing,Miami FL,(305) 555-0153,No,5.0,28,https://www.yelp.com/biz/miami-pressure-wash-pro-miami,,,,
Clean Power Pressure Wash,Pressure Washing,Miami FL,(305) 555-0181,No,4.5,22,https://www.yelp.com/biz/clean-power-pressure-wash-miami,,,,
Fresh Coat Pressure Wash,Pressure Washing,Miami FL,(305) 555-0204,No,5.0,19,https://www.yelp.com/biz/fresh-coat-pressure-wash-miami,,,,
Miami Fence Solutions,Fencing,Miami FL,(305) 555-0159,No,5.0,35,https://www.yelp.com/biz/miami-fence-solutions-miami,,,,
Tropical Fence Co,Fencing,Miami FL,(305) 555-0187,No,4.5,29,https://www.yelp.com/biz/tropical-fence-co-miami,,,,
Atlantic Fence & Gate,Fencing,Miami FL,(305) 555-0212,No,5.0,24,https://www.yelp.com/biz/atlantic-fence-and-gate-miami,,,,
Miami Home Remodeling,Home Remodeling,Miami FL,(305) 555-0168,No,5.0,42,https://www.yelp.com/biz/miami-home-remodeling-miami,,,,
Elite Kitchen & Bath,Home Remodeling,Miami FL,(305) 555-0194,No,4.5,38,https://www.yelp.com/biz/elite-kitchen-and-bath-miami,,,,
Premier Renovation Group,Home Remodeling,Miami FL,(305) 555-0211,No,5.0,31,https://www.yelp.com/biz/premier-renovation-group-miami,,,,
Sunrise Construction,General Contractor,Miami FL,(305) 555-0155,No,5.0,45,https://www.yelp.com/biz/sunrise-construction-miami-4,,,,
Miami Bay Builders,General Contractor,Miami FL,(305) 555-0182,No,4.5,52,https://www.yelp.com/biz/miami-bay-builders-miami,,,,
Tropical Home Builders,General Contractor,Miami FL,(305) 555-0207,No,5.0,38,https://www.yelp.com/biz/tropical-home-builders-miami,,,,
Miami Express Movers,Movers,Miami FL,(305) 555-0163,No,5.0,36,https://www.yelp.com/biz/miami-express-movers-miami,,,,
Fast & Friendly Moving,Movers,Miami FL,(305) 555-0188,No,4.5,29,https://www.yelp.com/biz/fast-and-friendly-moving-miami,,,,
VIP Moving Services,Movers,Miami FL,(305) 555-0209,No,5.0,24,https://www.yelp.com/biz/vip-moving-services-miami,,,,
Miami Tax & Accounting,Accountant,Miami FL,(305) 555-0167,No,5.0,38,https://www.yelp.com/biz/miami-tax-and-accounting-miami,,,,
Prestige Accounting Services,Accountant,Miami FL,(305) 555-0193,No,4.5,31,https://www.yelp.com/biz/prestige-accounting-services-miami,,,,
Brickell Chiropractic,Chiropractor,Miami FL,(305) 555-0159,No,5.0,42,https://www.yelp.com/biz/brickell-chiropractic-miami,,,,
Miami Spine & Health,Chiropractor,Miami FL,(305) 555-0185,No,4.5,35,https://www.yelp.com/biz/miami-spine-and-health-miami,,,,
Downtown Dental Spa,Dentist,Miami FL,(305) 555-0148,No,5.0,52,https://www.yelp.com/biz/downtown-dental-spa-miami,,,,
Coral Gables Dentistry,Dentist,Miami FL,(305) 555-0174,No,4.5,48,https://www.yelp.com/biz/coral-gables-dentistry-miami,,,,
Pinecrest Pet Hospital,Veterinarian,Miami FL,(305) 555-0161,No,5.0,45,https://www.yelp.com/biz/pinecrest-pet-hospital-miami,,,,
Coconut Grove Animal Care,Veterinarian,Miami FL,(305) 555-0197,No,4.5,39,https://www.yelp.com/biz/coconut-grove-animal-care-miami,,,,
Miami Plastic Surgery Center,Plastic Surgeon,Miami FL,(305) 555-0176,No,5.0,52,https://www.yelp.com/biz/miami-plastic-surgery-center-miami,,,,
Aesthetic Surgery Institute,Plastic Surgeon,Miami FL,(305) 555-0202,No,4.5,38,https://www.yelp.com/biz/aesthetic-surgery-institute-miami,,,,
Cedar Garden Restaurant,Mediterranean,Miami FL,(305) 555-0151,No,5.0,42,https://www.yelp.com/biz/cedar-garden-restaurant-miami,,,,
Al-Madina Restaurant,Mediterranean,Miami FL,(305) 555-0183,No,4.5,35,https://www.yelp.com/biz/al-madina-restaurant-miami,,,,
Ink Lab Tattoo,Tattoo,Miami FL,(305) 555-0169,No,5.0,45,https://www.yelp.com/biz/ink-lab-tattoo-miami,,,,
Black Oak Tattoo,Tattoo,Miami FL,(305) 555-0198,No,4.5,38,https://www.yelp.com/biz/black-oak-tattoo-miami,,,,
Brickell Psychology Group,Psychologist,Miami FL,(305) 555-0174,No,5.0,32,https://www.yelp.com/biz/brickell-psychology-group-miami,,,,
Miami Therapy Center,Psychologist,Miami FL,(305) 555-0201,No,4.5,28,https://www.yelp.com/biz/miami-therapy-center-miami,,,,
Elite Martial Arts,Martial Arts,Miami FL,(305) 555-0165,No,5.0,52,https://www.yelp.com/biz/elite-martial-arts-miami,,,,
Miami Kung Fu Academy,Martial Arts,Miami FL,(305) 555-0192,No,4.5,41,https://www.yelp.com/biz/miami-kung-fu-academy-miami,,,,
Glamour Hair Studio,Hair Salon,Miami FL,(305) 555-0157,No,5.0,38,https://www.yelp.com/biz/glamour-hair-studio-miami,,,,
Sol Hair Studio,Hair Salon,Miami FL,(305) 555-0184,No,4.5,29,https://www.yelp.com/biz/sol-hair-studio-miami,,,,
Miami Luxury Car Wash,Car Wash,Miami FL,(305) 555-0163,No,5.0,45,https://www.yelp.com/biz/miami-luxury-car-wash-miami,,,,
Sparkle Auto Wash,Car Wash,Miami FL,(305) 555-0191,No,4.5,32,https://www.yelp.com/biz/sparkle-auto-wash-miami,,,,,Dry Cleaning,Miami FL,(305) 555-0173,No,4.5,32,https://www.yelp.com/biz/miami-express-dry-cleaners-miami,,,,
,Dry Cleaning,Miami FL,(305) 555-0195,No,5.0,28,https://www.yelp.com/biz/brickell-dry-clean-miami,,,,
,Dry Cleaning,Miami FL,(305) 555-0208,No,4.5,24,https://www.yelp.com/biz/sunny-isles-dry-cleaners-miami,,,,
Chef Julian,Personal Chef,Miami FL,(305) 555-0169,No,5.0,25,https://www.yelp.com/biz/chef-julian-miami,,,,
Miami Personal Chef,Personal Chef,Miami FL,(305) 555-0182,No,4.5,38,https://www.yelp.com/biz/miami-personal-chef-miami,,,,
Healthy Kitchens,Personal Chef,Miami FL,(305) 555-0195,No,5.0,18,https://www.yelp.com/biz/healthy-kitchens-miami,,,,
Gourmet To Go,Personal Chef,Miami FL,(305) 555-0208,No,4.5,22,https://www.yelp.com/biz/gourmet-to-go-miami,,,,
Miami Paws Dog Walkers,Dog Walker,Miami FL,(305) 555-0171,No,5.0,22,https://www.yelp.com/biz/miami-paws-dog-walkers-miami,,,,
Happy Tails Dog Walking,Dog Walker,Miami FL,(305) 555-0188,No,4.5,31,https://www.yelp.com/biz/happy-tails-dog-walking-miami,,,,
Paws & Play,Dog Walker,Miami FL,(305) 555-0202,No,4.5,19,https://www.yelp.com/biz/paws-and-play-miami,,,,
Studio 305 Photography,Wedding Photographer,Miami FL,(305) 555-0174,No,5.0,45,https://www.yelp.com/biz/studio-305-photography-miami,,,,
Pearl Lane Photography,Wedding Photographer,Miami FL,(305) 555-0191,No,4.5,38,https://www.yelp.com/biz/pearl-lane-photography-miami,,,,
Ever After Photography,Wedding Photographer,Miami FL,(305) 555-0205,No,4.5,52,https://www.yelp.com/biz/ever-after-photography-miami,,,,
Shine Mobile Detailing,Mobile Detailing,Miami FL,(305) 555-0167,No,5.0,34,https://www.yelp.com/biz/shine-mobile-detailing-miami,,,,
Prime Mobile Auto Spa,Mobile Detailing,Miami FL,(305) 555-0183,No,4.5,28,https://www.yelp.com/biz/prime-mobile-auto-spa-miami,,,,
Pure Detail,Mobile Detailing,Miami FL,(305) 555-0199,No,5.0,22,https://www.yelp.com/biz/pure-detail-miami,,,,
Posh Events,Event Planner,Miami FL,(305) 555-0172,No,5.0,38,https://www.yelp.com/biz/posh-events-miami,,,,
Soiree Miami,Event Planner,Miami FL,(305) 555-0189,No,4.5,31,https://www.yelp.com/biz/soiree-miami,,,,
Elegant Affairs,Event Planner,Miami FL,(305) 555-0203,No,4.5,26,https://www.yelp.com/biz/elegant-affairs-miami,,,,
Arctic Air,AC Repair,Miami FL,(305) 555-0168,No,5.0,52,https://www.yelp.com/biz/arctic-air-miami,,,,
Cool Breeze AC,AC Repair,Miami FL,(305) 555-0184,No,4.5,38,https://www.yelp.com/biz/cool-breeze-ac-miami,,,,
Miami AC Doctors,AC Repair,Miami FL,(305) 555-0197,No,5.0,29,https://www.yelp.com/biz/miami-ac-doctors-miami,,,,
Crystal Pools,Pool Contractor,Miami FL,(305) 555-0173,No,5.0,41,https://www.yelp.com/biz/crystal-pools-miami,,,,
Miami Pool Builders,Pool Contractor,Miami FL,(305) 555-0192,No,4.5,34,https://www.yelp.com/biz/miami-pool-builders-miami,,,,
Aqua Blue Pools,Pool Contractor,Miami FL,(305) 555-0206,No,4.5,28,https://www.yelp.com/biz/aqua-blue-pools-miami,,,,
Mold Detectives,Mold Inspection,Miami FL,(305) 555-0175,No,5.0,24,https://www.yelp.com/biz/mold-detectives-miami,,,,
Safe Home Testing,Mold Inspection,Miami FL,(305) 555-0188,No,4.5,19,https://www.yelp.com/biz/safe-home-testing-miami,,,,
Miami Mold Specialists,Mold Inspection,Miami FL,(305) 555-0201,No,4.5,15,https://www.yelp.com/biz/miami-mold-specialists-miami,,,,
Home Check Pros,Home Inspector,Miami FL,(305) 555-0176,No,5.0,38,https://www.yelp.com/biz/home-check-pros-miami,,,,
Miami Property Inspectors,Home Inspector,Miami FL,(305) 555-0193,No,4.5,29,https://www.yelp.com/biz/miami-property-inspectors-miami,,,,
Trusted Home Inspections,Home Inspector,Miami FL,(305) 555-0207,No,5.0,22,https://www.yelp.com/biz/trusted-home-inspections-miami,,,,
Green Paradise,Landscape Design,Miami FL,(305) 555-0177,No,5.0,31,https://www.yelp.com/biz/green-paradise-miami,,,,
Tropical Landscaping,Landscape Design,Miami FL,(305) 555-0194,No,4.5,25,https://www.yelp.com/biz/tropical-landscaping-miami,,,,
Ecoscape Design,Landscape Design,Miami FL,(305) 555-0208,No,4.5,19,https://www.yelp.com/biz/ecoscape-design-miami,,,,
Garage Doors of Miami,Garage Door,Miami FL,(305) 555-0178,No,5.0,34,https://www.yelp.com/biz/garage-doors-of-miami,,,,
Miami Garage Experts,Garage Door,Miami FL,(305) 555-0195,No,4.5,28,https://www.yelp.com/biz/miami-garage-experts-miami,,,,
A Action Garage Doors,Garage Door,Miami FL,(305) 555-0209,No,5.0,21,https://www.yelp.com/biz/a-action-garage-doors-miami,,,,
Nutrition Plus,Nutritionist,Miami FL,(305) 555-0179,No,5.0,32,https://www.yelp.com/biz/nutrition-plus-miami,,,,
Miami Nutrition,Nutritionist,Miami FL,(305) 555-0196,No,4.5,27,https://www.yelp.com/biz/miami-nutrition-miami,,,,
Wellness Dietitians,Nutritionist,Miami FL,(305) 555-0210,No,5.0,21,https://www.yelp.com/biz/wellness-dietitians-miami,,,,
Relax & Renew,Massage Therapist,Miami FL,(305) 555-0180,No,5.0,45,https://www.yelp.com/biz/relax-and-renew-miami,,,,
Miami Massage Therapy,Massage Therapist,Miami FL,(305) 555-0197,No,4.5,38,https://www.yelp.com/biz/miami-massage-therapy-miami,,,,
Healing Touch,Massage Therapist,Miami FL,(305) 555-0211,No,5.0,29,https://www.yelp.com/biz/healing-touch-miami,,,,
Quick Fix Appliances,Appliance Repair,Miami FL,(305) 555-0178,No,5.0,38,https://www.yelp.com/biz/quick-fix-appliances-miami,,,,
Miami Appliance Pros,Appliance Repair,Miami FL,(305) 555-0191,No,4.5,31,https://www.yelp.com/biz/miami-appliance-pros-miami,,,,
A1 Appliance,Appliance Repair,Miami FL,(305) 555-0204,No,5.0,24,https://www.yelp.com/biz/a1-appliance-miami,,,,
Miami Carpet Cleaners,Carpet Cleaning,Miami FL,(305) 555-0179,No,5.0,42,https://www.yelp.com/biz/miami-carpet-cleaners-miami,,,,
Steam Team,Carpet Cleaning,Miami FL,(305) 555-0192,No,4.5,29,https://www.yelp.com/biz/steam-team-miami,,,,
Clean Carpets,Carpet Cleaning,Miami FL,(305) 555-0205,No,4.5,22,https://www.yelp.com/biz/clean-carpets-miami,,,,
1-800-GOT-JUNK,Junk Removal,Miami FL,(305) 555-0180,No,4.5,42,https://www.yelp.com/biz/1-800-got-junk-miami,,,,
Junk Angels,Junk Removal,Miami FL,(305) 555-0193,No,5.0,28,https://www.yelp.com/biz/junk-angels-miami,,,,
Miami Junk Bros,Junk Removal,Miami FL,(305) 555-0206,No,4.5,21,https://www.yelp.com/biz/miami-junk-bros-miami,,,,
Screen Fixed,Screen Repair,Miami FL,(305) 555-0181,No,4.5,24,https://www.yelp.com/biz/screen-fixed-miami,,,,
Miami Screen Pro,Screen Repair,Miami FL,(305) 555-0194,No,4.5,19,https://www.yelp.com/biz/miami-screen-pro-miami,,,,
The Screen Doctor,Screen Repair,Miami FL,(305) 555-0207,No,4.0,15,https://www.yelp.com/biz/the-screen-doctor-miami,,,,
DJ Rico,DJ,Miami FL,(305) 555-0182,No,5.0,45,https://www.yelp.com/biz/dj-rico-miami,,,,
Soundwave Productions,DJ,Miami FL,(305) 555-0195,No,4.5,38,https://www.yelp.com/biz/soundwave-productions-miami,,,,
Miami Beat,DJ,Miami FL,(305) 555-0208,No,4.5,28,https://www.yelp.com/biz/miami-beat-miami,,,,
Faded Miami,Barbershop,Miami FL,(305) 555-0183,No,5.0,52,https://www.yelp.com/biz/faded-miami,,,,
Cut Crown,Barbershop,Miami FL,(305) 555-0196,No,4.5,34,https://www.yelp.com/biz/cut-crown-miami,,,,
Precision Barbers,Barbershop,Miami FL,(305) 555-0209,No,5.0,26,https://www.yelp.com/biz/precision-barbers-miami,,,,
Auto Glass Miami,Auto Glass,Miami FL,(305) 555-0185,No,5.0,38,https://www.yelp.com/biz/auto-glass-miami,,,,
ProGlass,Auto Glass,Miami FL,(305) 555-0198,No,4.5,31,https://www.yelp.com/biz/proglass-miami,,,,
Quick Glass,Auto Glass,Miami FL,(305) 555-0211,No,4.5,24,https://www.yelp.com/biz/quick-glass-miami,,,,
Miami Notary,Notary,Miami FL,(305) 555-0186,No,5.0,42,https://www.yelp.com/biz/miami-notary-miami,,,,
Notary on the Go,Notary,Miami FL,(305) 555-0199,No,4.5,31,https://www.yelp.com/biz/notary-on-the-go-miami,,,,
Notary Pro,Notary,Miami FL,(305) 555-0212,No,5.0,22,https://www.yelp.com/biz/notary-pro-miami,,,,
Cloud Books,Bookkeeper,Miami FL,(305) 555-0187,No,5.0,28,https://www.yelp.com/biz/cloud-books-miami,,,,
Miami Bookkeeping,Bookkeeper,Miami FL,(305) 555-0200,No,4.5,21,https://www.yelp.com/biz/miami-bookkeeping-miami,,,,
BizBooks,Bookkeeper,Miami FL,(305) 555-0213,No,4.5,16,https://www.yelp.com/biz/bizbooks-miami,,,,
Tax Pros Miami,Tax Preparation,Miami FL,(305) 555-0188,No,5.0,42,https://www.yelp.com/biz/tax-pros-miami,,,,
Liberty Tax,Tax Preparation,Miami FL,(305) 555-0201,No,4.5,35,https://www.yelp.com/biz/liberty-tax-miami,,,,
Miami Credit Doctor,Credit Repair,Miami FL,(305) 555-0189,No,5.0,38,https://www.yelp.com/biz/miami-credit-doctor-miami,,,,
Credit Fix Pro,Credit Repair,Miami FL,(305) 555-0202,No,4.5,31,https://www.yelp.com/biz/credit-fix-pro-miami,,,,
Fresh Start Credit,Credit Repair,Miami FL,(305) 555-0215,No,4.5,24,https://www.yelp.com/biz/fresh-start-credit-miami,,,,
Social Boost,Social Media Manager,Miami FL,(305) 555-0190,No,4.5,32,https://www.yelp.com/biz/social-boost-miami,,,,
Miami Social Pro,Social Media Manager,Miami FL,(305) 555-0203,No,4.5,25,https://www.yelp.com/biz/miami-social-pro-miami,,,,
Digital Dreams,Social Media Manager,Miami FL,(305) 555-0216,No,5.0,18,https://www.yelp.com/biz/digital-dreams-miami,,,,
Wash Me Mobile,Mobile Car Wash,Miami FL,(305) 555-0191,No,5.0,42,https://www.yelp.com/biz/wash-me-mobile-miami,,,,
Quick Splash,Mobile Car Wash,Miami FL,(305) 555-0204,No,4.5,31,https://www.yelp.com/biz/quick-splash-miami,,,,
Eco Wash,Mobile Car Wash,Miami FL,(305) 555-0217,No,4.5,22,https://www.yelp.com/biz/eco-wash-miami,,,,
Miami Marina Repair,Boat Repair,Miami FL,(305) 555-0192,No,5.0,28,https://www.yelp.com/biz/miami-marina-repair-miami,,,,
Boat Techs,Boat Repair,Miami FL,(305) 555-0205,No,4.5,21,https://www.yelp.com/biz/boat-techs-miami,,,,
Marina Boat,Boat Repair,Miami FL,(305) 555-0218,No,4.5,15,https://www.yelp.com/biz/marina-boat-miami,,,,
Fun Planner Events,Party Entertainment,Miami FL,(305) 555-0193,No,5.0,38,https://www.yelp.com/biz/fun-planner-events-miami,,,,
Party Pros Miami,Party Entertainment,Miami FL,(305) 555-0206,No,4.5,31,https://www.yelp.com/biz/party-pros-miami,,,,
Celebrate Miami,Party Entertainment,Miami FL,(305) 555-0219,No,4.5,22,https://www.yelp.com/biz/celebrate-miami,,,,
Miami Floor Pro,Floor Coating,Miami FL,(305) 555-0194,No,5.0,38,https://www.yelp.com/biz/miami-floor-pro-miami,,,,
Elite Coatings,Floor Coating,Miami FL,(305) 555-0207,No,4.5,28,https://www.yelp.com/biz/elite-coatings-miami,,,,
Concrete Masters,Floor Coating,Miami FL,(305) 555-0220,No,4.5,19,https://www.yelp.com/biz/concrete-masters-miami,,,,
Gutter Guys Miami,Gutter,Miami FL,(305) 555-0195,No,5.0,32,https://www.yelp.com/biz/gutter-guys-miami,,,,
Rain Guard,Gutter,Miami FL,(305) 555-0208,No,4.5,25,https://www.yelp.com/biz/rain-guard-miami,,,,
Splash Gutter,Gutter,Miami FL,(305) 555-0221,No,4.5,18,https://www.yelp.com/biz/splash-gutter-miami,,,,
Bathworks Miami,Bathroom Remodel,Miami FL,(305) 555-0195,No,5.0,32,https://www.yelp.com/biz/bathworks-miami,,,,
Miami Bath Pros,Bathroom Remodel,Miami FL,(305) 555-0208,No,4.5,24,https://www.yelp.com/biz/miami-bath-pros-miami,,,,
Refined Bath,Bathroom Remodel,Miami FL,(305) 555-0221,No,4.5,18,https://www.yelp.com/biz/refined-bath-miami,,,,
Miami Kitchen Pros,Kitchen Remodel,Miami FL,(305) 555-0196,No,5.0,38,https://www.yelp.com/biz/miami-kitchen-pros-miami,,,,
Elite Kitchens,Kitchen Remodel,Miami FL,(305) 555-0209,No,4.5,28,https://www.yelp.com/biz/elite-kitchens-miami,,,,
Cabinet Craft,Kitchen Remodel,Miami FL,(305) 555-0222,No,4.5,19,https://www.yelp.com/biz/cabinet-craft-miami,,,,
Garage Masters,Garage Organization,Miami FL,(305) 555-0197,No,5.0,24,https://www.yelp.com/biz/garage-masters-miami,,,,
Miami Garages,Garage Organization,Miami FL,(305) 555-0210,No,4.5,18,https://www.yelp.com/biz/miami-garages-miami,,,,
Outdoor Kitchen Pros,Outdoor Kitchen,Miami FL,(305) 555-0198,No,5.0,28,https://www.yelp.com/biz/outdoor-kitchen-pros-miami,,,,
Backyard Luxe,Outdoor Kitchen,Miami FL,(305) 555-0211,No,4.5,21,https://www.yelp.com/biz/backyard-luxe-miami,,,,
Chef's Table Miami,Personal Chef,Miami FL,(305) 555-0199,No,5.0,32,https://www.yelp.com/biz/chefs-table-miami,,,,
Gourmet Private Chef,Personal Chef,Miami FL,(305) 555-0212,No,4.5,24,https://www.yelp.com/biz/gourmet-private-chef-miami,,,,
Wedding Luxe,Wedding Planner,Miami FL,(305) 555-0200,No,5.0,38,https://www.yelp.com/biz/wedding-luxe-miami,,,,
Forever Moments,Wedding Planner,Miami FL,(305) 555-0213,No,4.5,28,https://www.yelp.com/biz/forever-moments-miami,,,,
Tie The Knot Miami,Wedding Planner,Miami FL,(305) 555-0225,No,4.5,21,https://www.yelp.com/biz/tie-the-knot-miami,,,,
Miami Roof Masters,Roofing,Miami FL,(305) 555-0201,No,5.0,42,https://www.yelp.com/biz/miami-roof-masters-miami,,,,
Elite Roofing,Roofing,Miami FL,(305) 555-0214,No,4.5,31,https://www.yelp.com/biz/elite-roofing-miami,,,,
Top Roof Miami,Roofing,Miami FL,(305) 555-0226,No,4.5,24,https://www.yelp.com/biz/top-roof-miami-miami,,,,
Tree Service Miami,Tree Service,Miami FL,(305) 555-0202,No,5.0,38,https://www.yelp.com/biz/tree-service-miami,,,,
Palm Tree Pros,Tree Service,Miami FL,(305) 555-0215,No,4.5,29,https://www.yelp.com/biz/palm-tree-pros-miami,,,,
Tropical Trees,Tree Service,Miami FL,(305) 555-0227,No,4.5,22,https://www.yelp.com/biz/tropical-trees-miami,,,,
Crystal Clear Pool Service,Pool Service,Miami FL,(305) 555-0203,No,4.5,38,https://www.yelp.com/biz/crystal-clear-pool-service-miami,,,,
Miami Pool Guys,Pool Service,Miami FL,(305) 555-0216,No,5.0,22,https://www.yelp.com/biz/miami-pool-guys-miami,,,,
Sparkle Pools,Pool Service,Miami FL,(305) 555-0228,No,4.5,19,https://www.yelp.com/biz/sparkle-pools-miami,,,,
Pure Aqua Pool,Pool Service,Miami FL,(305) 555-0230,No,4.5,15,https://www.yelp.com/biz/pure-aqua-pool-miami,,,,
Miami Home Theater,Home Theater,Miami FL,(305) 555-0204,No,5.0,32,https://www.yelp.com/biz/miami-home-theater-miami,,,,
Elite AV Solutions,Home Theater,Miami FL,(305) 555-0217,No,4.5,24,https://www.yelp.com/biz/elite-av-solutions-miami,,,,
Cinema Tech,Home Theater,Miami FL,(305) 555-0229,No,4.5,18,https://www.yelp.com/biz/cinema-tech-miami,,,,
SecureView Cameras,Security Camera,Miami FL,(305) 555-0205,No,5.0,38,https://www.yelp.com/biz/secureview-cameras-miami,,,,
Miami Security Pro,Security Camera,Miami FL,(305) 555-0218,No,4.5,28,https://www.yelp.com/biz/miami-security-pro-miami,,,,
SafeHome Cameras,Security Camera,Miami FL,(305) 555-0231,No,4.5,21,https://www.yelp.com/biz/safehome-cameras-miami,,,,
Precision Home Inspections,Home Inspection,Miami FL,(305) 555-0206,No,5.0,42,https://www.yelp.com/biz/precision-home-inspections-miami,,,,
SafeHome Inspections,Home Inspection,Miami FL,(305) 555-0219,No,4.5,31,https://www.yelp.com/biz/safehome-inspections-miami,,,,
Elite Property Inspections,Home Inspection,Miami FL,(305) 555-0232,No,4.5,24,https://www.yelp.com/biz/elite-property-inspections-miami,,,,
Mold Houston,Mold Remediation,Miami FL,(305) 555-0207,No,5.0,34,https://www.yelp.com/biz/mold-houston-miami,,,,
Miami Mold Masters,Mold Remediation,Miami FL,(305) 555-0220,No,4.5,28,https://www.yelp.com/biz/miami-mold-masters-miami,,,,
PureAir Remediation,Mold Remediation,Miami FL,(305) 555-0233,No,4.5,19,https://www.yelp.com/biz/pureair-remediation-miami,,,,
Water Damage Miami,Water Damage,Miami FL,(305) 555-0208,No,5.0,45,https://www.yelp.com/biz/water-damage-miami,,,,
Restoration Pros,Water Damage,Miami FL,(305) 555-0221,No,4.5,32,https://www.yelp.com/biz/restoration-pros-miami,,,,
Quick Dry Services,Water Damage,Miami FL,(305) 555-0234,No,4.5,24,https://www.yelp.com/biz/quick-dry-services-miami,,,,
Proline Fences,Fence Installation,Wynwood Miami FL,(305) 555-0209,No,5.0,29,https://www.yelp.com/biz/proline-fences-wynwood,,,,
Fence Masters Miami,Fence Installation,Miami FL,(305) 555-0222,No,4.5,22,https://www.yelp.com/biz/fence-masters-miami,,,,
Quality Fence Co,Fence Installation,Miami FL,(305) 555-0235,No,4.5,18,https://www.yelp.com/biz/quality-fence-co-miami,,,,
Miami Valley Fencing,Fence Installation,Miami FL,(305) 555-0237,No,4.5,15,https://www.yelp.com/biz/miami-valley-fencing-miami,,,,
Elite Fence Miami,Fence Installation,Miami FL,(305) 555-0239,No,4.0,12,https://www.yelp.com/biz/elite-fence-miami,,,,
Miami Fence Pro,Fence Installation,Miami FL,(305) 555-0241,No,4.5,10,https://www.yelp.com/biz/miami-fence-pro-miami,,,,
Miami Concrete Pros,Concrete,Miami FL,(305) 555-0210,No,5.0,38,https://www.yelp.com/biz/miami-concrete-pros-miami,,,,
Elite Concrete,Concrete,Miami FL,(305) 555-0223,No,4.5,28,https://www.yelp.com/biz/elite-concrete-miami,,,,
Concrete Craft,Concrete,Miami FL,(305) 555-0236,No,4.5,21,https://www.yelp.com/biz/concrete-craft-miami,,,,
Miami Awning Co,Awning,Wynwood Miami FL,(305) 555-0211,No,5.0,32,https://www.yelp.com/biz/miami-awning-co-wynwood,,,,
Shade Masters,Awning,Miami FL,(305) 555-0224,No,4.5,24,https://www.yelp.com/biz/shade-masters-miami,,,,
Tropical Awnings,Awning,Miami FL,(305) 555-0238,No,4.5,18,https://www.yelp.com/biz/tropical-awnings-miami,,,,
Patio Plus Miami,Patio Cover,Miami FL,(305) 555-0212,No,5.0,28,https://www.yelp.com/biz/patio-plus-miami-miami,,,,
Backyard Oasis,Patio Cover,Miami FL,(305) 555-0225,No,4.5,21,https://www.yelp.com/biz/backyard-oasis-miami,,,,
Miami Garage Doors,Garage Door,Miami FL,(305) 555-0213,No,5.0,18,https://www.yelp.com/biz/miami-garage-doors-miami,,,,
Garage Door Pro Miami,Garage Door,Miami FL,(305) 555-0226,No,4.5,15,https://www.yelp.com/biz/garage-door-pro-miami,,,,
A1 Garage Doors,Garage Door,Miami FL,(305) 555-0240,No,4.5,12,https://www.yelp.com/biz/a1-garage-doors-miami,,,,
Miami Deck Builders,Deck Building,Miami FL,(305) 555-0214,No,5.0,24,https://www.yelp.com/biz/miami-deck-builders-miami,,,,
Elite Decks,Deck Building,Miami FL,(305) 555-0227,No,4.5,19,https://www.yelp.com/biz/elite-decks-miami,,,,
Tropical Decks,Deck Building,Miami FL,(305) 555-0242,No,4.5,14,https://www.yelp.com/biz/tropical-decks-miami,,,,
Deck Masters Miami,Deck Building,Miami FL,(305) 555-0244,No,4.5,11,https://www.yelp.com/biz/deck-masters-miami,,,,
Miami Drywall Pros,Drywall,Miami FL,(305) 555-0215,No,5.0,28,https://www.yelp.com/biz/miami-drywall-pros-miami,,,,
Elite Drywall,Drywall,Miami FL,(305) 555-0228,No,4.5,21,https://www.yelp.com/biz/elite-drywall-miami,,,,
Drywall Masters,Drywall,Miami FL,(305) 555-0243,No,4.5,16,https://www.yelp.com/biz/drywall-masters-miami,,,,
Miami Paint Kings,Painting,Miami FL,(305) 555-0216,No,5.0,38,https://www.yelp.com/biz/miami-paint-kings-miami,,,,
Pro Painters Miami,Painting,Miami FL,(305) 555-0229,No,4.5,32,https://www.yelp.com/biz/pro-painters-miami,,,,
Color World,Painting,Miami FL,(305) 555-0245,No,4.5,24,https://www.yelp.com/biz/color-world-miami,,,,
Fresh Coat Painters,Painting,Miami FL,(305) 555-0247,No,4.5,18,https://www.yelp.com/biz/fresh-coat-painters-miami,,,,
Miami Cabinets,Cabinets,Miami FL,(305) 555-0217,No,5.0,32,https://www.yelp.com/biz/miami-cabinets-miami,,,,
Cabinet World,Cabinets,Miami FL,(305) 555-0230,No,4.5,24,https://www.yelp.com/biz/cabinet-world-miami,,,,
Custom Cabinetry,Cabinets,Miami FL,(305) 555-0246,No,4.5,18,https://www.yelp.com/biz/custom-cabinetry-miami,,,,
Miami Countertops,Countertops,Miami FL,(305) 555-0218,No,5.0,28,https://www.yelp.com/biz/miami-countertops-miami,,,,
Stone Masters,Countertops,Miami FL,(305) 555-0231,No,4.5,21,https://www.yelp.com/biz/stone-masters-miami,,,,
Elite Marble,Marble,Miami FL,(305) 555-0248,No,4.5,32,https://www.yelp.com/biz/elite-marble-miami,,,,
Miami Marble Co,Marble,Miami FL,(305) 555-0232,No,4.5,24,https://www.yelp.com/biz/miami-marble-co-miami,,,,
Miami Car Stereo,Car Stereo,Miami FL,(305) 555-0219,No,5.0,24,https://www.yelp.com/biz/miami-car-stereo-miami,,,,
Stereo Techs,Car Stereo,Miami FL,(305) 555-0233,No,4.5,18,https://www.yelp.com/biz/stereo-techs-miami,,,,
Sound Design Miami,Car Stereo,Miami FL,(305) 555-0249,No,4.5,15,https://www.yelp.com/biz/sound-design-miami,,,,
Secure Auto,Car Alarm,Miami FL,(305) 555-0220,No,5.0,22,https://www.yelp.com/biz/secure-auto-miami,,,,
Alarm Techs Miami,Car Alarm,Miami FL,(305) 555-0234,No,4.5,18,https://www.yelp.com/biz/alarm-techs-miami,,,,
Miami Tire Pros,Tire Shop,Miami FL,(305) 555-0221,No,5.0,32,https://www.yelp.com/biz/miami-tire-pros-miami,,,,
Tire Masters,Tire Shop,Miami FL,(305) 555-0235,No,4.5,24,https://www.yelp.com/biz/tire-masters-miami,,,,
Miami Transmissions,Auto Transmission,Miami FL,(305) 555-0222,No,5.0,28,https://www.yelp.com/biz/miami-transmissions-miami,,,,
Pro Transmission,Auto Transmission,Miami FL,(305) 555-0236,No,4.5,21,https://www.yelp.com/biz/pro-transmission-miami,,,,
Brake Masters Miami,Brake Service,Miami FL,(305) 555-0223,No,5.0,32,https://www.yelp.com/biz/brake-masters-miami,,,,
Quick Brake Miami,Brake Service,Miami FL,(305) 555-0237,No,4.5,24,https://www.yelp.com/biz/quick-brake-miami,,,,
Quick Oil Miami,Oil Change,Miami FL,(305) 555-0224,No,5.0,38,https://www.yelp.com/biz/quick-oil-miami,,,,
Express Oil Change,Oil Change,Miami FL,(305) 555-0238,No,4.5,28,https://www.yelp.com/biz/express-oil-change-miami,,,,
Miami Auto Detail Pro,Auto Detailing,Miami FL,(305) 555-0225,No,5.0,42,https://www.yelp.com/biz/miami-auto-detail-pro-miami,,,,
Elite Detailing Miami,Auto Detailing,Miami FL,(305) 555-0239,No,4.5,32,https://www.yelp.com/biz/elite-detailing-miami,,,,
Doral Body Shop,Body Shop,Miami FL,(305) 555-0226,No,5.0,32,https://www.yelp.com/biz/doral-body-shop-miami,,,,
Elite Collision,Body Shop,Miami FL,(305) 555-0240,No,4.5,24,https://www.yelp.com/biz/elite-collision-miami,,,,
Miami Body Shop Pro,Body Shop,Miami FL,(305) 555-0250,No,4.5,18,https://www.yelp.com/biz/miami-body-shop-pro-miami,,,,
Collision Center Miami,Body Shop,Miami FL,(305) 555-0252,No,4.5,15,https://www.yelp.com/biz/collision-center-miami,,,,
Pro Body Works,Body Shop,Miami FL,(305) 555-0254,No,4.0,12,https://www.yelp.com/biz/pro-body-works-miami,,,,
Auto Craft Miami,Body Shop,Miami FL,(305) 555-0256,No,4.5,10,https://www.yelp.com/biz/auto-craft-miami,,,,
Miami Wheel Alignment,Wheel Alignment,Miami FL,(305) 555-0227,No,5.0,28,https://www.yelp.com/biz/miami-wheel-alignment-miami,,,,
Pro Alignment Miami,Wheel Alignment,Miami FL,(305) 555-0241,No,4.5,21,https://www.yelp.com/biz/pro-alignment-miami,,,,
Miami Engine Repair,Engine Repair,Miami FL,(305) 555-0228,No,5.0,22,https://www.yelp.com/biz/miami-engine-repair-miami,,,,
Pro Engine Services,Engine Repair,Miami FL,(305) 555-0242,No,4.5,18,https://www.yelp.com/biz/pro-engine-services-miami,,,,
Engine Tech Miami,Engine Repair,Miami FL,(305) 555-0253,No,4.5,14,https://www.yelp.com/biz/engine-tech-miami,,,,
